,portfolio
2018-01-03,0.01828990180330093
2018-01-04,0.003154274902811848
2018-01-05,0.010772143665717951
2018-01-08,0.014744075256410137
2018-01-09,-0.0010118056431471954
2018-01-10,0.0008913294109814691
2018-01-11,0.005163825526010119
2018-01-12,0.0026568695829948803
2018-01-16,-0.005028149540122056
2018-01-17,0.012110694827052685
2018-01-18,-0.0003579625409541791
2018-01-19,0.007603708583444132
2018-01-22,0.012340420101839297
2018-01-23,0.011599164427761556
2018-01-24,-0.00966447904333338
2018-01-25,-0.0006578952399180257
2018-01-26,0.015126933383943638
2018-01-29,-0.0001947781926368618
2018-01-30,-0.006787624173146332
2018-01-31,0.010543177347810845
2018-02-01,-0.008145331373208978
2018-02-02,-0.023568157927642736
2018-02-05,-0.045685018775874074
2018-02-06,0.03308162897427537
2018-02-07,-0.007978424984115008
2018-02-08,-0.04745061078323927
2018-02-09,0.02609190674515476
2018-02-12,0.011676531611152702
2018-02-13,0.009747873601019296
2018-02-14,0.021291723643327144
2018-02-15,0.019935359892748743
2018-02-16,-0.005257620689942566
2018-02-20,0.005746362549651415
2018-02-21,-0.006775177326001176
2018-02-22,0.006709184162491548
2018-02-23,0.01785561065202281
2018-02-26,0.011915710274981594
2018-02-27,-0.010470664410136561
2018-02-28,-0.009958506387770665
2018-03-01,-0.022342087178613846
2018-03-02,0.008756395795567347
2018-03-05,0.0057228500822539136
2018-03-06,0.004750700602344524
2018-03-07,0.004438652503865676
2018-03-08,0.002545684346667043
2018-03-09,0.01621760345930221
2018-03-12,0.012656422521757266
2018-03-13,-0.012866094211088197
2018-03-14,-0.003632953990781613
2018-03-15,0.00021526162393058196
2018-03-16,-0.0017678747759719772
2018-03-19,-0.027876612693344273
2018-03-20,0.006347597178013635
2018-03-21,-0.0032615209677018895
2018-03-22,-0.02474700242798194
2018-03-23,-0.028550387382560095
2018-03-26,0.03877448897029145
2018-03-27,-0.04922802145758064
2018-03-28,-0.01762138638150892
2018-03-29,0.02681220630295463
2018-04-02,-0.03196253559702486
2018-04-03,0.016753855983555
2018-04-04,0.018027186875691
2018-04-05,0.009723981472623513
2018-04-06,-0.024260247201651024
2018-04-09,0.0022663205648428197
2018-04-10,0.0327826325887912
2018-04-11,-0.006382137621405261
2018-04-12,0.011250728514515421
2018-04-13,-0.0020094504784995354
2018-04-16,0.0021981540179823876
2018-04-17,0.020171574578322568
2018-04-18,0.0010268028999824716
2018-04-19,-0.005132231136492856
2018-04-20,-0.01657417950295323
2018-04-23,-0.007771714506313291
2018-04-24,-0.02163804210818337
2018-04-25,-0.0056679757403904135
2018-04-26,0.029584690327842486
2018-04-27,0.007101680659190799
2018-04-30,-0.005346890231311316
2018-05-01,0.01454724675550442
2018-05-02,0.002481830701121205
2018-05-03,0.000516768034162809
2018-05-04,0.021928666367193973
2018-05-07,0.016931135116656428
2018-05-08,0.001119061638576799
2018-05-09,0.015367632837117298
2018-05-10,0.01054657776320646
2018-05-11,-0.006107030967696158
2018-05-14,-0.002221750657744131
2018-05-15,-0.018491338504656722
2018-05-16,0.0033231379774595767
2018-05-17,-0.0023032155793187865
2018-05-18,-0.006644550069093308
2018-05-21,0.007974548601996511
2018-05-22,-0.00676429527643985
2018-05-23,0.012844137577344341
2018-05-24,-0.0014577154451609314
2018-05-25,0.0018706181990793067
2018-05-29,-0.001001467479150156
2018-05-30,0.01087682803871706
2018-05-31,0.0005141836773597971
2018-06-01,0.01838259370779212
2018-06-04,0.01289512687691525
2018-06-05,0.001891510605827835
2018-06-06,0.009978001459331469
2018-06-07,-0.008702714740075487
2018-06-08,-0.0001111365168109539
2018-06-11,0.0044846461071277035
2018-06-12,0.007811967416078292
2018-06-13,-0.001615605371555514
2018-06-14,0.013501716504809457
2018-06-15,-0.005727398099763882
2018-06-18,0.008090960115041543
2018-06-19,-0.011414781394254437
2018-06-20,0.01028953303453129
2018-06-21,-0.013023986335197947
2018-06-22,-0.01101712049645003
2018-06-25,-0.0244735500658065
2018-06-26,0.010719329060081877
2018-06-27,-0.012416434008029198
2018-06-28,0.012799412696129208
2018-06-29,-0.006401247730069385
2018-07-02,0.009840845277557783
2018-07-03,-0.021916822376096205
2018-07-05,0.013095920012013193
2018-07-06,0.013103547412330066
2018-07-09,0.011819739386459291
2018-07-10,0.0045047606019138825
2018-07-11,-0.007635522732263981
2018-07-12,0.01609615386585452
2018-07-13,0.0026670623836302873
2018-07-16,-0.0050957993633836286
2018-07-17,0.014635230202515047
2018-07-18,-0.003607636072848368
2018-07-19,-0.0042991770711978275
2018-07-20,-0.00012017216061629597
2018-07-23,-0.0011032014808854203
2018-07-24,0.005824992012333244
2018-07-25,0.017599688841778535
2018-07-26,-0.022232545242196703
2018-07-27,-0.013962202256135856
2018-07-30,-0.01953968295888159
2018-07-31,0.005799990000878979
2018-08-01,0.012248755905785058
2018-08-02,0.031947749254022995
2018-08-03,0.00224239917384457
2018-08-06,0.006783028486942435
2018-08-07,0.014344963231966818
2018-08-08,0.002163013369301813
2018-08-09,-0.0050837139645531736
2018-08-10,-0.005356368981932049
2018-08-13,0.001021678394177204
2018-08-14,0.0072376349905184925
2018-08-15,-0.011541415114809512
2018-08-16,-0.002696794385473403
2018-08-17,-0.0170270204435165
2018-08-20,0.0006531923116547013
2018-08-21,0.007460224070962661
2018-08-22,0.011208966166327558
2018-08-23,0.0029300228261842846
2018-08-24,0.00955859242417368
2018-08-27,0.009442901605081681
2018-08-28,-0.0025983761881819777
2018-08-29,0.010867190002975657
2018-08-30,0.00037077377788135375
2018-08-31,0.0014469894501576812
2018-09-04,-0.005671152962219918
2018-09-05,-0.017965741075613828
2018-09-06,-0.012383698766094912
2018-09-07,-0.009803401696915487
2018-09-10,0.01025340361644014
2018-09-11,0.00788461186478727
2018-09-12,-0.004434776572976267
2018-09-13,0.008348791900606695
2018-09-14,0.0037223811144887157
2018-09-17,-0.01401657761426245
2018-09-18,-0.0013023921237226674
2018-09-19,0.005223577019724113
2018-09-20,0.004275321915651119
2018-09-21,-0.007789966161477674
2018-09-24,0.007630647093594505
2018-09-25,0.006104558432498207
2018-09-26,0.0012113791137542205
2018-09-27,0.007926845256253775
2018-09-28,-0.006407349037906763
2018-10-01,0.024966950020036714
2018-10-02,-0.00798140970258458
2018-10-03,0.0009986953885874382
2018-10-04,-0.02370167618348409
2018-10-05,-0.020714637093395667
2018-10-08,-0.012095632121403237
2018-10-09,0.008724328813447061
2018-10-10,-0.050170605804048855
2018-10-11,-0.01418743343431331
2018-10-12,0.03131738695621834
2018-10-15,-0.018602586869444878
2018-10-16,0.03504145506963718
2018-10-17,-0.004565251679572573
2018-10-18,-0.022510825908150213
2018-10-19,-0.008002139294854224
2018-10-22,0.006780006963732381
2018-10-23,0.0018650781745659214
2018-10-24,-0.0539075433585189
2018-10-25,0.046341120597321706
2018-10-26,-0.023184252121573615
2018-10-29,-0.032808010396730085
2018-10-30,0.022745169202671778
2018-10-31,0.031603943815083226
2018-11-01,0.014745721788240105
2018-11-02,-0.015184996631134883
2018-11-05,-0.01129529848149177
2018-11-06,0.004756680677885593
2018-11-07,0.028695146765724544
2018-11-08,-0.011131342464080445
2018-11-09,-0.013224286053030306
2018-11-12,-0.043469702986209946
2018-11-13,0.011028519988658165
2018-11-14,-0.007386013097114058
2018-11-15,0.017188333131057415
2018-11-16,-0.037483192310105856
2018-11-19,-0.0516618561552478
2018-11-20,-0.008581015461288227
2018-11-21,-0.0017655573380525864
2018-11-23,-0.012188630902497957
2018-11-26,0.03704172086404546
2018-11-27,-0.00015571217935260928
2018-11-28,0.03390589082434585
2018-11-29,-0.00624109392565589
2018-11-30,0.01494383090733843
2018-12-03,0.024376443304525153
2018-12-04,-0.04161502868948842
2018-12-06,0.006435912803287332
2018-12-07,-0.03699089168103962
2018-12-10,0.01779278661834161
2018-12-11,-0.0026477808373633616
2018-12-12,0.006512764185389515
2018-12-13,0.004885859583151374
2018-12-14,-0.023985972387603322
2018-12-17,-0.025653783262074015
2018-12-18,0.0114050375388891
2018-12-19,-0.030633047185909597
2018-12-20,-0.02178484890419417
2018-12-21,-0.034633950904298966
2018-12-24,-0.027382611304680754
2018-12-26,0.06888103393941275
2018-12-27,-0.00539399934895093
2018-12-28,0.007935324018436007
2018-12-31,0.0033069218174080713
2019-01-02,0.003950208224043317
2019-01-03,-0.04583312561172006
2019-01-04,0.04953951528239206
2019-01-07,0.01988240995486144
2019-01-08,0.0055578372671974225
2019-01-09,0.011042067909198702
2019-01-10,0.004794272352133885
2019-01-11,0.0004240486044565471
2019-01-14,-0.007069314655875548
2019-01-15,0.020071590822616732
2019-01-16,0.0014723693143142687
2019-01-17,0.008756727886727112
2019-01-18,1.9358859881420015e-05
2019-01-22,-0.02684976706270045
2019-01-23,-0.002086458004224962
2019-01-24,0.013195240566967944
2019-01-25,0.016591346846603083
2019-01-28,-0.03791044687337237
2019-01-29,-0.019601324874910415
2019-01-30,0.04113778320981483
2019-01-31,0.024331226908116562
2019-02-01,-0.006082817418777413
2019-02-04,0.02019277214131389
2019-02-05,0.012573683971033887
2019-02-06,-0.0030013386766915614
2019-02-07,-0.02051982350921999
2019-02-08,4.4942919753590866e-05
2019-02-11,-0.0023264931265488255
2019-02-12,0.015594647830002459
2019-02-13,9.411602418005168e-05
2019-02-14,0.0003630350983431052
2019-02-15,0.004572588892264327
2019-02-19,0.0006650029135772847
2019-02-20,0.0009589308167801322
2019-02-21,-0.00857565046465126
2019-02-22,0.013073565523469742
2019-02-25,0.004641846885699922
2019-02-26,-0.0007636074051913851
2019-02-27,0.0030204001440764937
2019-02-28,-0.002121434069320267
2019-03-01,0.0019867530800457417
2019-03-04,0.0026226430029034293
2019-03-05,-0.000976640962191488
2019-03-06,-0.008036681956172723
2019-03-07,-0.013506851803857406
2019-03-08,0.004921843005135679
2019-03-11,0.03303903607975887
2019-03-12,0.003930070269411496
2019-03-13,0.013879926603065447
2019-03-14,-0.004387192341618095
2019-03-15,0.003360945608950643
2019-03-18,-0.0009756545096992742
2019-03-19,0.009221595597999845
2019-03-20,0.008522459259455729
2019-03-21,0.02354362124364635
2019-03-22,-0.025184402523721425
2019-03-25,-0.0059659139900291105
2019-03-26,0.006387132141875179
2019-03-27,-0.0012390935384493473
2019-03-28,0.0027188692016961264
2019-03-29,0.0073442158321933675
2019-04-01,0.01441910495387036
2019-04-02,0.006014563350425274
2019-04-03,0.01073273353724802
2019-04-04,-0.006898671842505137
2019-04-05,0.007818442457163984
2019-04-08,0.0026671680366764
2019-04-09,-0.004230933347039093
2019-04-10,0.007818401732524858
2019-04-11,-0.004717549108656084
2019-04-12,0.001099491775102147
2019-04-15,-0.0049479550585157725
2019-04-16,0.007089322016765043
2019-04-17,0.003109820324908848
2019-04-18,0.002102700083232079
2019-04-22,0.00362111929456307
2019-04-23,0.012409481112483035
2019-04-24,-0.004876107929861927
2019-04-25,0.0014014300901892146
2019-04-26,-0.011587643886823491
2019-04-29,0.006745391042276879
2019-04-30,-0.010147153952322779
2019-05-01,-0.001805863394815831
2019-05-02,0.00265846476604756
2019-05-03,0.017112481884065032
2019-05-06,-0.00794694403214339
2019-05-07,-0.023984111660354277
2019-05-08,-0.0011516125310597992
2019-05-09,-0.008954836051138216
2019-05-10,-0.003208136757739024
2019-05-13,-0.04265720168862746
2019-05-14,0.011119999756027647
2019-05-15,0.010393119809605953
2019-05-16,0.006208653925777139
2019-05-17,-0.018837352321551384
2019-05-20,-0.020522503296624733
2019-05-21,0.010567903700626413
2019-05-22,-0.011535050105851668
2019-05-23,-0.01582397587595558
2019-05-24,-0.005874222499076312
2019-05-28,-0.0020696063247125336
2019-05-29,-0.01005581053133483
2019-05-30,0.00019428128855451086
2019-05-31,-0.019566225609671715
2019-06-03,-0.030921391724824863
2019-06-04,0.03903872330780982
2019-06-05,0.00533810820821753
2019-06-06,0.014808817466961464
2019-06-07,0.01891558690063229
2019-06-10,0.01713523438226627
2019-06-11,0.008203145286391924
2019-06-12,-0.013411315423953131
2019-06-13,0.009708302863384964
2019-06-14,-0.0037759828427452145
2019-06-17,0.012635094695642458
2019-06-18,0.019457451994309028
2019-06-19,0.001268835706589849
2019-06-20,0.004052948696593456
2019-06-21,-0.0012598710830907212
2019-06-24,0.002942813967584686
2019-06-25,-0.017655308272579207
2019-06-26,0.013566106075868048
2019-06-27,0.008226651630350195
2019-06-28,0.0020675034365870964
2019-07-01,0.012608487992985461
2019-07-02,-0.0008065879486707861
2019-07-03,0.010532415687232299
2019-07-05,-0.0041570533619633586
2019-07-08,-0.009856656900439565
2019-07-09,0.004854830060214614
2019-07-10,0.015495755640656791
2019-07-11,0.005700575215652115
2019-07-12,0.008845127851165492
2019-07-15,0.005146612086103811
2019-07-16,-0.003855414441300945
2019-07-17,-0.0003431913671790232
2019-07-18,0.0009526497149923534
2019-07-19,-0.006027980074522522
2019-07-22,0.012014079998552075
2019-07-23,0.010613785694762217
2019-07-24,0.007905074135946986
2019-07-25,-0.025505767520521305
2019-07-26,0.011634922094463207
2019-07-29,0.0002344541569707917
2019-07-30,0.000621861557537106
2019-07-31,-0.013937599328520667
2019-08-01,-0.011092357785385764
2019-08-02,-0.01431122153466662
2019-08-05,-0.0412004926275915
2019-08-06,0.014297487912301973
2019-08-07,0.006658704589224047
2019-08-08,0.02424093839902775
2019-08-09,-0.013738801336895062
2019-08-12,-0.012887278699251506
2019-08-13,0.02527586395163594
2019-08-14,-0.03583165107047717
2019-08-15,-0.0015232828356129882
2019-08-16,0.026226990214229584
2019-08-19,0.02775753063877756
2019-08-20,-0.00897147717886916
2019-08-21,0.007382495395085227
2019-08-22,-0.002436955737839393
2019-08-23,-0.03759067977248005
2019-08-26,0.015594642047010896
2019-08-27,-0.006070243776512692
2019-08-28,0.002119687896751008
2019-08-29,0.02150055759986581
2019-08-30,0.0009822723212683181
2019-09-03,-0.011742190489811248
2019-09-04,0.013290112817757053
2019-09-05,0.030212824544864663
2019-09-06,-0.005683220513768169
2019-09-09,0.002995221631679092
2019-09-10,0.002413790464083866
2019-09-11,0.01414481276756064
2019-09-12,0.0026250784630350824
2019-09-13,-0.006473135199382678
2019-09-16,-0.006111040642647303
2019-09-17,0.005531353454310659
2019-09-18,0.000985855224259147
2019-09-19,0.001328529038163411
2019-09-20,-0.013774844914536873
2019-09-23,0.0013632611591461437
2019-09-24,-0.020010473929836348
2019-09-25,0.01851636059661739
2019-09-26,0.0010200467080492312
2019-09-27,-0.013551943090023446
2019-09-30,0.008449278023405515
2019-10-01,-0.0035026170727693318
2019-10-02,-0.013808047456154172
2019-10-03,0.013783730720467104
2019-10-04,0.010827231561897443
2019-10-07,0.0027343227619021555
2019-10-08,-0.015379417406882465
2019-10-09,0.014226260118835952
2019-10-10,0.00646866342392641
2019-10-11,0.013298304373063917
2019-10-14,0.003906257865970996
2019-10-15,0.02022153339774736
2019-10-16,-0.0024645476077937967
2019-10-17,0.002725478293236048
2019-10-18,-0.01279388969797621
2019-10-21,0.012317358492923286
2019-10-22,-0.0077219191628555344
2019-10-23,0.005521079933020526
2019-10-24,0.024312261694320797
2019-10-25,0.020466897226233047
2019-10-28,0.01130841830826999
2019-10-29,-0.015420466940855844
2019-10-30,0.0025620602490023523
2019-10-31,0.0017446135618045496
2019-11-01,0.009276504438226474
2019-11-04,0.013781753254492785
2019-11-05,-0.0017239975476395298
2019-11-06,-0.0010132565764751167
2019-11-07,0.005503484564542286
2019-11-08,0.002524777116781658
2019-11-11,0.0017023912561794491
2019-11-12,0.006747638201470533
2019-11-13,-0.002386035709372953
2019-11-14,0.0031522383100200213
2019-11-15,0.0017574008835402877
2019-11-18,0.009429389257230802
2019-11-19,-0.0010892155682641711
2019-11-20,-0.00326815853075314
2019-11-21,-0.0018306806194523283
2019-11-22,-0.004743555635484985
2019-11-25,0.018877795152728208
2019-11-26,-0.004647236916993897
2019-11-27,0.007344262087899057
2019-11-29,-0.005168084353079042
2019-12-02,-0.013159645800493024
2019-12-03,-0.0048265223560285545
2019-12-04,0.004169383140624769
2019-12-05,0.000671768557537445
2019-12-06,0.012765816643779423
2019-12-09,-0.001358018013514902
2019-12-10,0.004188051983645442
2019-12-11,0.007890249801151999
2019-12-12,0.008657873327671182
2019-12-13,0.0018044537614542487
2019-12-16,0.01494656220079123
2019-12-17,0.0026395389279996076
2019-12-18,0.005479480950895885
2019-12-19,0.01238732080283477
2019-12-20,0.004807313954435752
2019-12-23,0.005737081500155756
2019-12-24,0.00027471339595335875
2019-12-26,0.0136905489037151
2019-12-27,-0.002238640471842068
2019-12-30,-0.012533325508289492
2019-12-31,0.005062018803393564
2020-01-02,0.021273517410433405
2020-01-03,-0.006175562866657102
2020-01-06,0.010654980018292112
2020-01-07,0.004217531653762804
2020-01-08,0.011402191782803522
2020-01-09,0.008686420903987623
2020-01-10,-0.000395824620290701
2020-01-13,0.02464954994408221
2020-01-14,-0.007511292406426335
2020-01-15,-0.003247711661185532
2020-01-16,0.008934972323284916
2020-01-17,0.003819682969260745
2020-01-21,0.005989909615314
2020-01-22,0.005622041995367929
2020-01-23,0.00379999770997911
2020-01-24,-0.00894409821559624
2020-01-27,-0.022987871406861482
2020-01-28,0.020104103854716088
2020-01-29,0.009388998212957276
2020-01-30,0.009178940346321114
2020-01-31,-0.013908412197162788
2020-02-03,0.0316287504947662
2020-02-04,0.032975772793882946
2020-02-05,-0.0130409627461777
2020-02-06,0.013035586882757069
2020-02-07,-0.001852081142670294
2020-02-10,0.02254529123116262
2020-02-11,-0.002027390408642989
2020-02-12,0.009569164066396062
2020-02-13,0.0019127057707985574
2020-02-14,0.015319868623794548
2020-02-18,0.01348093251923847
2020-02-19,0.023139565704787955
2020-02-20,-0.012576644768298131
2020-02-21,-0.02525747406484169
2020-02-24,-0.05063171086124014
2020-02-25,-0.02821171959915506
2020-02-26,0.006618688366153107
2020-02-27,-0.06187541294631996
2020-02-28,0.019272019923891267
2020-03-02,0.05284807145164492
2020-03-03,-0.032583780548249903
2020-03-04,0.04008619889155925
2020-03-05,-0.0328191635818956
2020-03-06,-0.019578740380569237
2020-03-09,-0.07439084851790416
2020-03-10,0.05821712241736335
2020-03-11,-0.042649444339899846
2020-03-12,-0.0979304933288843
2020-03-13,0.09179633350035799
2020-03-16,-0.1359141268410599
2020-03-17,0.054060279470237144
2020-03-18,-0.046718455960929425
2020-03-19,0.039404379690383094
2020-03-20,-0.031770822737325906
2020-03-23,0.0038787535992011444
2020-03-24,0.10361247710862373
2020-03-25,-0.006128605791555623
2020-03-26,0.043101308520862025
2020-03-27,-0.03184687157109848
2020-03-30,0.03763083064404745
2020-03-31,0.00017993151156227034
2020-04-01,-0.05176186615985489
2020-04-02,0.013130849287385329
2020-04-03,-0.01341937628180352
2020-04-06,0.07774938269696628
2020-04-07,-0.0022179769540597704
2020-04-08,0.02110598936026783
2020-04-09,0.0038120486099420857
2020-04-13,0.028080676406414894
2020-04-14,0.04901697483551583
2020-04-15,-0.003432515395270512
2020-04-16,0.022647184867819234
2020-04-17,0.00223931486072967
2020-04-20,-0.012936332431264965
2020-04-21,-0.04421974109156455
2020-04-22,0.042224904635440035
2020-04-23,-0.003371811917562906
2020-04-24,0.018526524917584827
2020-04-27,0.012367225279441273
2020-04-28,-0.022276080877892887
2020-04-29,0.040473405939476785
2020-04-30,0.007512494659925412
2020-05-01,-0.036071640024155596
2020-05-04,0.023952432389433474
2020-05-05,0.010074583253829202
2020-05-06,0.00902954955070553
2020-05-07,0.011983257261763256
2020-05-08,0.01760750241796724
2020-05-11,0.012656888518076934
2020-05-12,-0.018914106626306756
2020-05-13,-0.011922456736856478
2020-05-14,0.013060951454871683
2020-05-15,0.016654378009328338
2020-05-18,0.01719397616844086
2020-05-19,5.6554179501540965e-05
2020-05-20,0.021726200166484112
2020-05-21,-0.008011217007602421
2020-05-22,0.0073549062254298836
2020-05-26,-0.010121679506802279
2020-05-27,-0.004395448082813517
2020-05-28,-0.005267722165600609
2020-05-29,0.017598679149820103
2020-06-01,0.011952657570276744
2020-06-02,0.002456473949374314
2020-06-03,-0.0004493481082352344
2020-06-04,-0.010112331682871905
2020-06-05,0.02018824045458624
2020-06-08,0.009891182879216342
2020-06-09,0.016918928471858767
2020-06-10,0.027709823938446662
2020-06-11,-0.04938564840254417
2020-06-12,0.004489592100117789
2020-06-15,0.018360485318311782
2020-06-16,0.010463685020063299
2020-06-17,0.006309957332470054
2020-06-18,0.0022137535538131626
2020-06-19,-5.292763551497112e-05
2020-06-22,0.017307083287424578
2020-06-23,0.007736488362570127
2020-06-24,-0.022591826368580765
2020-06-25,0.01492645055704564
2020-06-26,-0.03502253848155915
2020-06-29,0.016408454316949515
2020-06-30,0.027004616473941766
2020-07-01,0.016271300455504897
2020-07-02,0.011922072984302184
2020-07-06,0.037601218797156326
2020-07-07,-0.0029268152504832324
2020-07-08,0.01748612028826009
2020-07-09,0.01447131728070723
2020-07-10,0.012759842209443217
2020-07-13,-0.024756585524858585
2020-07-14,0.012310148295924783
2020-07-15,-0.0021933060746465016
2020-07-16,-0.009991009256543538
2020-07-17,-0.0002801304797481788
2020-07-20,0.03887558596749544
2020-07-21,-0.01612906404507848
2020-07-22,0.005263742346036244
2020-07-23,-0.03515754869999559
2020-07-24,-0.007595842635213921
2020-07-27,0.023541405826787258
2020-07-28,-0.01735314973360404
2020-07-29,0.015548015248510917
2020-07-30,0.005969600936218848
2020-07-31,0.02223126844328549
2020-08-03,0.021419819889860785
2020-08-04,0.0027134088216054894
2020-08-05,0.0036432593348442906
2020-08-06,0.018508015551979323
2020-08-07,-0.012442165354518286
2020-08-10,-0.006579653345863044
2020-08-11,-0.023788168897402408
2020-08-12,0.04046305152357994
2020-08-13,0.007504345922565339
2020-08-14,0.0026190296326793964
2020-08-17,0.027562288269962654
2020-08-18,0.011366634431643792
2020-08-19,-0.005897392877433958
2020-08-20,0.01980129143909254
2020-08-21,0.017316252239048053
2020-08-24,0.004702099642230807
2020-08-25,0.007860784292092643
2020-08-26,0.026580827017325476
2020-08-27,-0.0024092253539564987
2020-08-28,0.009728348174591553
2020-08-31,0.01976746044113845
2020-09-01,0.014141106236029202
2020-09-02,0.009836708300123849
2020-09-03,-0.06557241341582663
2020-09-04,-0.014476311722212143
2020-09-08,-0.06532847833112057
2020-09-09,0.04483871613012455
2020-09-10,-0.02171201773135577
2020-09-11,-0.00818960643999926
2020-09-14,0.02985895006148254
2020-09-15,0.018163300710796613
2020-09-16,-0.024197598670629965
2020-09-17,-0.016983404248784643
2020-09-18,-0.012726487428777227
2020-09-21,0.009804425506046644
2020-09-22,0.013776270760649939
2020-09-23,-0.04158615672032661
2020-09-24,0.011311818725601504
2020-09-25,0.02986162529028962
2020-09-28,0.016750538441517023
2020-09-29,0.0008607798233917783
2020-09-30,0.011992216750177228
2020-10-01,0.014955043385666512
2020-10-02,-0.03382205012283534
2020-10-05,0.026295222599753497
2020-10-06,-0.017507056706651546
2020-10-07,0.016129838616451824
2020-10-08,0.003144377037815373
2020-10-09,0.013129598766282634
2020-10-12,0.0364645079085763
2020-10-13,-0.0015574659198972047
2020-10-14,-0.004738144438182835
2020-10-15,-0.00930741900518754
2020-10-16,-0.008156183669833552
2020-10-19,-0.02153846486151774
2020-10-20,0.00652334027604309
2020-10-21,0.00292563935587139
2020-10-22,-0.002169255683642952
2020-10-23,0.007504048197607184
2020-10-26,-0.01772800096990889
2020-10-27,0.015039311037837738
2020-10-28,-0.04790933227846517
2020-10-29,0.024870197597669255
2020-10-30,-0.03255371000420468
2020-11-02,0.00330866506219552
2020-11-03,0.023726763860456464
2020-11-04,0.04819958782415721
2020-11-05,0.0272543868491318
2020-11-06,0.0027995308994068374
2020-11-09,-0.03174097353735548
2020-11-10,-0.028541458762672525
2020-11-11,0.026811189354309883
2020-11-12,-0.003738524575462394
2020-11-13,0.0015356546052783687
2020-11-16,0.006696898932196277
2020-11-17,0.0015868106364881408
2020-11-18,0.002583659157794052
2020-11-19,0.006801379098403798
2020-11-20,-0.013641737512494772
2020-11-23,0.00191988699335455
2020-11-24,0.01499693254926647
2020-11-25,0.010482825174082944
2020-11-27,0.007162259544211701
2020-11-30,-0.0017957359133438154
2020-12-01,0.017047826915038256
2020-12-02,0.000897946028683978
2020-12-03,-0.001252157813643144
2020-12-04,0.001462949042423972
2020-12-07,0.011474284836853256
2020-12-08,-0.0006648533895487312
2020-12-09,-0.026601437120200563
2020-12-10,0.004602801540348357
2020-12-11,-0.0016062987599820033
2020-12-14,0.009526108497219887
2020-12-15,0.009401014730695977
2020-12-16,0.0025131552055952604
2020-12-17,0.006842821979214134
2020-12-18,0.00044237602150141287
2020-12-21,-0.001819933214680229
2020-12-22,9.932220377875422e-05
2020-12-23,-0.006232770222019944
2020-12-24,0.004626433078938348
2020-12-28,0.015833307465004963
2020-12-29,-0.0014484208706680736
2020-12-30,0.0005496751726404025
2020-12-31,0.00042748845290661587
2021-01-04,-0.008930796272033047
2021-01-05,0.010177847935793165
2021-01-06,-0.024720631645168398
2021-01-07,0.03599681968591391
2021-01-08,0.011185119378679035
2021-01-11,-0.016846576546166028
2021-01-12,-0.00242051984822545
2021-01-13,0.007490876373363209
2021-01-14,-0.015627449271171583
2021-01-15,-0.008839863305070046
2021-01-19,0.016883564201713823
2021-01-20,0.0301106479539771
2021-01-21,0.01649966300587184
2021-01-22,0.0014229946215192615
2021-01-25,0.011804041766680904
2021-01-26,0.0022266748035427897
2021-01-27,-0.023630575158228292
2021-01-28,-0.002713051895826043
2021-01-29,-0.022577032521748315
2021-02-01,0.027978316086611277
2021-02-02,0.015110146861675796
2021-02-03,0.0034261299665604016
2021-02-04,0.005791813319467164
2021-02-05,0.0019286957554146371
2021-02-08,0.013125159747455527
2021-02-09,-0.004155662163823292
2021-02-10,0.0014196424205356983
2021-02-11,0.007140458327849884
2021-02-12,-0.0016886928221126753
2021-02-16,0.0006235235636817165
2021-02-17,-0.00584720584210141
2021-02-18,-0.005895151103296843
2021-02-19,-0.007559674359205227
2021-02-22,-0.030255064561044077
2021-02-23,-0.0033736709397474926
2021-02-24,0.01158216504676181
2021-02-25,-0.04598139236975033
2021-02-26,0.010832478316002118
2021-03-01,0.0279941878610112
2021-03-02,-0.020814429731025527
2021-03-03,-0.030131052548476533
2021-03-04,-0.014726571827780434
2021-03-05,0.010388961411720686
2021-03-08,-0.0392935384411066
2021-03-09,0.05767369279583647
2021-03-10,-0.0043226668759065705
2021-03-11,0.028095426557894456
2021-03-12,-0.010753613768221527
2021-03-15,0.013027648548274665
2021-03-16,0.004697848736548838
2021-03-17,0.006221807991933385
2021-03-18,-0.035399334010760154
2021-03-19,0.007376994179007462
2021-03-22,0.019254949500030188
2021-03-23,-0.002899894918556795
2021-03-24,-0.021310840519755733
2021-03-25,-0.003920844776136734
2021-03-26,0.007439262153793926
2021-03-29,0.004303948271082137
2021-03-30,-0.0029840380294897046
2021-03-31,0.02270936698477667
2021-04-01,0.019458968670017552
2021-04-05,0.0255964281590801
2021-04-06,-0.0033781407557406987
2021-04-07,0.009618631588991813
2021-04-08,0.011070846533124243
2021-04-09,0.008148495967897256
2021-04-12,0.01171495218424207
2021-04-13,0.02106488762760704
2021-04-14,-0.018803036588856077
2021-04-15,0.02356071581961573
2021-04-16,-0.002315131721892232
2021-04-19,-0.013076519415505477
2021-04-20,-0.006005968078168037
2021-04-21,0.008947834688816783
2021-04-22,-0.018725057936812107
2021-04-23,0.017459993573885144
2021-04-26,0.008049600971293543
2021-04-27,-0.006616313731053415
2021-04-28,-0.002746854298559643
2021-04-29,0.006266992320370212
2021-04-30,-0.005364748761848254
2021-05-03,-0.008304758436851056
2021-05-04,-0.021697571394563027
2021-05-05,-0.0014110921667600668
2021-05-06,0.008010175410553927
2021-05-07,0.00814536127641638
2021-05-10,-0.03202601947321553
2021-05-11,-0.0033193375420370744
2021-05-12,-0.028882404720618732
2021-05-13,0.004146537038195294
2021-05-14,0.02702217822360691
2021-05-17,-0.005028713368949568
2021-05-18,-0.009654479125840014
2021-05-19,-0.00019092082818867754
2021-05-20,0.022073357731972325
2021-05-21,-0.0016458152508382552
2021-05-24,0.026073854733957846
2021-05-25,0.002095687214906234
2021-05-26,0.003914929217776542
2021-05-27,-0.004391610618249573
2021-05-28,0.0067763122542831905
2021-06-01,-0.0008632214733743181
2021-06-02,0.004409533717368283
2021-06-03,-0.009780263387363184
2021-06-04,0.02282556566720024
2021-06-07,0.005270713082063297
2021-06-08,-0.0006153757110665778
2021-06-09,-0.0008160198429754781
2021-06-10,0.00816954380162905
2021-06-11,0.005891392460525082
2021-06-14,0.012086164534209494
2021-06-15,-0.008549313643291829
2021-06-16,-0.00048796199136093884
2021-06-17,0.020666447790374496
2021-06-18,-0.005446353489058969
2021-06-21,0.003135527626099171
2021-06-22,0.013540681982055174
2021-06-23,0.006775252070472997
2021-06-24,0.005591567474956843
2021-06-25,-0.0062312590381888595
2021-06-28,0.022631117429540017
2021-06-29,0.00150590706805684
2021-06-30,-0.0014661501893560422
2021-07-01,0.004852605361881715
2021-07-02,0.014650927642496212
2021-07-06,0.006600981540242517
2021-07-07,-0.0009411180070703194
2021-07-08,-0.008143103672075923
2021-07-09,0.006231536129853072
2021-07-12,0.010213907412011622
2021-07-13,-0.0033449036029532253
2021-07-14,-0.0019606924837542996
2021-07-15,-0.01411210112688067
2021-07-16,-0.014976702462382595
2021-07-19,-0.003247219993189667
2021-07-20,0.009814748654929914
2021-07-21,0.011251627005663897
2021-07-22,0.009028999249404507
2021-07-23,0.0124914409638399
2021-07-26,0.0023835214054083185
2021-07-27,-0.011552622717572418
2021-07-28,0.006287366981262372
2021-07-29,0.0022263082636196515
2021-07-30,-0.010017545872339707
2021-08-02,0.004514206845318558
2021-08-03,0.005792025483015446
2021-08-04,0.00537398655036406
2021-08-05,0.00879168966002939
2021-08-06,-0.007076039012129542
2021-08-09,0.0009566093951569931
2021-08-10,-0.006580479102596716
2021-08-11,-0.0036582009635813223
2021-08-12,0.01073114130751946
2021-08-13,0.00468386645519232
2021-08-16,-0.0020669733217992484
2021-08-17,-0.015343897669136746
2021-08-18,-0.00929201507830322
2021-08-19,0.009200865078255994
2021-08-20,0.020242777856926568
2021-08-23,0.022425140857036674
2021-08-24,0.0004206749659744421
2021-08-25,0.0038115938507477277
2021-08-26,-0.006454909391330673
2021-08-27,0.014041386119002039
2021-08-30,0.014944917708730816
2021-08-31,-0.0031451527013239486
2021-09-01,0.002333948240787921
2021-09-02,-0.0031789286902567542
2021-09-03,0.005688764061569621
2021-09-07,0.005441142433550854
2021-09-08,-0.0054040479337648896
2021-09-09,-0.0050420718703871135
2021-09-10,-0.008393638615191422
2021-09-13,-0.000411836758306574
2021-09-14,0.0008272209731024116
2021-09-15,0.007798984673141669
2021-09-16,-0.001367043388809015
2021-09-17,-0.013994456529690181
2021-09-20,-0.025278474161154703
2021-09-21,0.003628592650707288
2021-09-22,0.01157925400248407
2021-09-23,0.009619710769988481
2021-09-24,0.0020973664779046822
2021-09-27,-0.007459758351213587
2021-09-28,-0.03179668352245093
2021-09-29,-0.0018200672579860332
2021-09-30,-0.0030819093513469523
2021-10-01,0.009362566772207766
2021-10-04,-0.026899827232529958
2021-10-05,0.017826645582600026
2021-10-06,0.009041516767109225
2021-10-07,0.008883196155035366
2021-10-08,-0.003891261053933263
2021-10-11,-0.004841354383718956
2021-10-12,-0.002690296707356999
2021-10-13,0.007199669911574133
2021-10-14,0.020660358103789356
2021-10-15,0.008704259683371985
2021-10-18,0.015700279173319988
2021-10-19,0.004631669941753291
2021-10-20,-0.0030106636011813953
2021-10-21,0.011721728792278726
2021-10-22,-0.010586483742614027
2021-10-25,0.017243345634722834
2021-10-26,0.013831127370847908
2021-10-27,0.01012157201966551
2021-10-28,0.015674941748671525
2021-10-29,0.01085388501872822
2021-11-01,0.006008284831755008
2021-11-02,0.005225061514385114
2021-11-03,0.011373773296508495
2021-11-04,0.031970811076257266
2021-11-05,0.0030784767127222503
2021-11-08,0.0003100738672804011
2021-11-09,-0.01168461029902924
2021-11-10,-0.016825074181255204
2021-11-11,0.006332191151017337
2021-11-12,0.009388192368390407
2021-11-15,-0.0024738205720046032
2021-11-16,0.006309086359597078
2021-11-17,-0.0006479073360296556
2021-11-18,0.02770723662639805
2021-11-19,0.016441635769960394
2021-11-22,-0.012048742575875824
2021-11-23,-0.007643869721940069
2021-11-24,0.008992738063651369
2021-11-26,-0.026946067426722686
2021-11-29,0.029982809133058556
2021-11-30,-0.010616461776252837
2021-12-01,-0.02024798663708686
2021-12-02,0.0043709836669558475
2021-12-03,-0.023969976476165396
2021-12-06,0.005913788627096842
2021-12-07,0.03848396646530325
2021-12-08,0.004310119921082455
2021-12-09,-0.01816296669526648
2021-12-10,0.0077040602386727105
2021-12-13,-0.025092862447986038
2021-12-14,-0.008182418943206222
2021-12-15,0.031864060398097145
2021-12-16,-0.03600300522765396
2021-12-17,-0.00699301537750235
2021-12-20,-0.01239191040779088
2021-12-21,0.02788246774625384
2021-12-22,0.016987161094799672
2021-12-23,0.010786093543440381
2021-12-27,0.022625854892511153
2021-12-28,-0.006404963768399039
2021-12-29,-0.003927503288358395
2021-12-30,-0.006651042549723637
2021-12-31,-0.00897188043555638
2022-01-03,0.02442272713234786
2022-01-04,-0.017359372409377117
2022-01-05,-0.038747822241787196
2022-01-06,0.00016720497837252666
2022-01-07,-0.011754994219000663
2022-01-10,0.003719091681308652
2022-01-11,0.012622700122687265
2022-01-12,0.008154308473388766
2022-01-13,-0.03384727207316855
2022-01-14,0.010718797221861594
2022-01-18,-0.026557193521872677
2022-01-19,-0.015207833644598373
2022-01-20,-0.015731564103571464
2022-01-21,-0.030340781490200284
2022-01-24,0.0016454127916453857
2022-01-25,-0.026133481254900656
2022-01-26,0.009034569965199102
2022-01-27,-0.017489302064918878
2022-01-28,0.035992372501349124
2022-01-31,0.04126865126356833
2022-02-01,0.0045615401181945845
2022-02-02,0.01468570897864098
2022-02-03,-0.06027492799274695
2022-02-04,0.022507509040002694
2022-02-07,-0.009642872983694727
2022-02-08,0.010114573112672918
2022-02-09,0.026532807885430703
2022-02-10,-0.024383342476232823
2022-02-11,-0.03821719172609219
2022-02-14,0.005611784365491051
2022-02-15,0.03445123600732222
2022-02-16,-0.00016698662008476388
2022-02-17,-0.03963993911468899
2022-02-18,-0.01625701123548743
2022-02-22,-0.013841902317893754
2022-02-23,-0.032355148832006055
2022-02-24,0.042025786971455356
2022-02-25,0.013819687619201344
2022-02-28,0.011316600014941072
2022-03-01,-0.018691638912424705
2022-03-02,0.017906188501685474
2022-03-03,-0.017398316974378752
2022-03-04,-0.017457972905137224
2022-03-07,-0.04589674658929796
2022-03-08,0.0008961604211261109
2022-03-09,0.0441739047014231
2022-03-10,-0.008924603432174142
2022-03-11,-0.024431635651067932
2022-03-14,-0.024012428333631135
2022-03-15,0.041667188463117594
2022-03-16,0.04168591783104858
2022-03-17,0.01335591309528854
2022-03-18,0.03311276258695763
2022-03-21,0.0017738707805491384
2022-03-22,0.020140708849437895
2022-03-23,-0.011360164970958158
2022-03-24,0.03348112552591019
2022-03-25,-0.0015000054800309644
2022-03-28,0.02025819055843143
2022-03-29,0.01397368567426828
2022-03-30,-0.012520669698652339
2022-03-31,-0.017246457163603124
2022-04-01,-0.0008719165013871048
2022-04-04,0.02657435809660308
2022-04-05,-0.026806119040377725
2022-04-06,-0.03528473697225571
2022-04-07,-0.00040287597827578196
2022-04-08,-0.02104681770488876
2022-04-11,-0.03500491140272243
2022-04-12,-0.005087353578219149
2022-04-13,0.021977216019085907
2022-04-14,-0.029576413596299964
2022-04-18,0.008750727861835651
2022-04-19,0.020605870729099574
2022-04-20,-0.022964559053070512
2022-04-21,-0.026396212995007655
2022-04-22,-0.0259832153944659
2022-04-25,0.014447260977397751
2022-04-26,-0.04836758591725638
2022-04-27,-0.004410104800099915
2022-04-28,0.052865466026564216
2022-04-29,-0.048804612675190026
2022-05-02,0.026495669046045747
2022-05-03,0.002698798521122348
2022-05-04,0.03631643068882837
2022-05-05,-0.06075148773387919
2022-05-06,-0.008548844503759078
2022-05-09,-0.05238444199256131
2022-05-10,0.01759358970374739
2022-05-11,-0.041683862546534375
2022-05-12,-0.011341782788052548
2022-05-13,0.0472600163074672
2022-05-16,-0.015476221936518219
2022-05-17,0.031321989476861954
2022-05-18,-0.05499402506778056
2022-05-19,-0.004184684064193142
2022-05-20,-0.01127215343837316
2022-05-23,0.019756052847334116
2022-05-24,-0.0356134572733201
2022-05-25,0.02165026073636796
2022-05-26,0.03505017113185047
2022-05-27,0.04028523344407886
2022-05-31,0.000924805197110848
2022-06-01,-0.007847638456469587
2022-06-02,0.035897141776474656
2022-06-03,-0.037240984216372265
2022-06-06,0.008074972581305703
2022-06-07,0.006998351007634273
2022-06-08,-0.005427963081483132
2022-06-09,-0.03035629736350897
2022-06-10,-0.04350861681029084
2022-06-13,-0.05494910177061894
2022-06-14,0.005506811745012661
2022-06-15,0.035050053266721615
2022-06-16,-0.04457712390418931
2022-06-17,0.014502652279296072
2022-06-21,0.03061087087584304
2022-06-22,-0.003973144786893095
2022-06-23,0.011392533917613329
2022-06-24,0.04264236201521451
2022-06-27,-0.010468505105072771
2022-06-28,-0.04023535096718399
2022-06-29,0.00033421741030969544
2022-06-30,-0.018550719758803968
2022-07-01,5.406026452926719e-06
2022-07-05,0.02697810543881453
2022-07-06,0.007856959935729513
2022-07-07,0.028050032240001382
2022-07-08,0.0014003624289320189
2022-07-11,-0.031099611557100698
2022-07-12,-0.010659806671468985
2022-07-13,0.000629462179519903
2022-07-14,0.0029781057070802164
2022-07-15,0.018822475991078266
2022-07-18,-0.001650301802332146
2022-07-19,0.03583678244396975
2022-07-20,0.02294738548043776
2022-07-21,0.019474015228649715
2022-07-22,-0.027304065273653366
2022-07-25,-0.01005804985039365
2022-07-26,-0.02788236702671896
2022-07-27,0.05856282547400699
2022-07-28,0.007174101339985829
2022-07-29,0.02745818358093899
2022-08-01,0.0006302279731025433
2022-08-02,-0.0024322673011929505
2022-08-03,0.02998743693951563
2022-08-04,0.0075763454200661285
2022-08-05,-0.014267205749049792
2022-08-08,-0.01270860901242402
2022-08-09,-0.012613907081725743
2022-08-10,0.03703521734993227
2022-08-11,-0.00938090341664869
2022-08-12,0.02678227312224447
2022-08-15,0.009019085453622738
2022-08-16,-0.0028940539355729166
2022-08-17,-0.01277579872277941
2022-08-18,0.004269114860183831
2022-08-19,-0.026973733292654116
2022-08-22,-0.030246047908997025
2022-08-23,0.001491971768591015
2022-08-24,0.002031213783944375
2022-08-25,0.02168234567990828
2022-08-26,-0.04967893166068367
2022-08-29,-0.014407666753661999
2022-08-30,-0.01364011925266499
2022-08-31,-0.007297411797665319
2022-09-01,-0.01114795376256462
2022-09-02,-0.017061516803833714
2022-09-06,-0.008059582519516413
2022-09-07,0.019526938396294633
2022-09-08,0.0053955824612000195
2022-09-09,0.026154180040827164
2022-09-12,0.013433685409649829
2022-09-13,-0.06612974426468378
2022-09-14,0.006541406527788223
2022-09-15,-0.01566645214844909
2022-09-16,-0.003201775172873931
2022-09-19,0.011329560646495101
2022-09-20,-0.008279051100637922
2022-09-21,-0.015101875900031484
2022-09-22,-0.015277511217353273
2022-09-23,-0.016823637542420944
2022-09-26,-0.007563871235081474
2022-09-27,0.0024526474103187756
2022-09-28,0.021361175792315244
2022-09-29,-0.03553592116516081
2022-09-30,-0.015300475903928626
2022-10-03,0.017368968460845798
2022-10-04,0.033468439931123715
2022-10-05,-0.0038934088117201088
2022-10-06,-0.006099219979666846
2022-10-07,-0.0497609994697086
2022-10-10,-0.011961104221289461
2022-10-11,-0.014931454375926403
2022-10-12,-0.001487406358007047
2022-10-13,0.025975163059499325
2022-10-14,-0.0407187238853397
2022-10-17,0.04693357540284339
2022-10-18,0.006741384081865187
2022-10-19,-0.0016556783413061759
2022-10-20,-0.0066659338598567
2022-10-21,0.020860607138242043
2022-10-24,0.008391777566687018
2022-10-25,0.03133508016034686
2022-10-26,-0.03860467229061996
2022-10-27,-0.03506976840115263
2022-10-28,0.029743392242896627
2022-10-31,-0.01971878124897969
2022-11-01,-0.01232431016273156
2022-11-02,-0.03728030313916883
2022-11-03,-0.01727861121753807
2022-11-04,0.02065607903921709
2022-11-07,0.01086800683005056
2022-11-08,0.0028656040454682705
2022-11-09,-0.028834894637209965
2022-11-10,0.09747775707634636
2022-11-11,0.024445487128270542
2022-11-14,-0.01044507432931795
2022-11-15,0.015401148986217068
2022-11-16,-0.01897100938694676
2022-11-17,-0.007855837124124498
2022-11-18,-0.0058292885988560006
2022-11-21,-0.01679067417422133
2022-11-22,0.01981949314188883
2022-11-23,0.020403585228449008
2022-11-25,-0.008990176368029745
2022-11-28,-0.01723631934304114
2022-11-29,-0.010023966798658353
2022-11-30,0.062212600345450536
2022-12-01,0.004067687258530457
2022-12-02,-0.002624673317749946
2022-12-05,-0.020365477918177104
2022-12-06,-0.029212035094886662
2022-12-07,-0.0058454986077947696
2022-12-08,0.019111677152119384
2022-12-09,-0.00336267278478805
2022-12-12,0.00909236040926236
2022-12-13,0.015933570550450662
2022-12-14,-0.00996594054643828
2022-12-15,-0.033903745430405204
2022-12-16,-0.013606042554117919
2022-12-19,-0.019740255738986353
2022-12-20,-0.006426738256103973
2022-12-21,0.016205666977719538
2022-12-22,-0.03948354808615349
2022-12-23,0.0006960050978418778
2022-12-27,-0.03552736129295171
2022-12-28,-0.009286275826106475
2022-12-29,0.036135792577566564
2022-12-30,0.00012854156871381495
2023-01-03,-0.015294928591811523
2023-01-04,0.007126082305205955
2023-01-05,-0.021304711849128296
2023-01-06,0.02773267448333374
2023-01-09,0.02047417489864202
2023-01-10,0.010959011085408475
2023-01-11,0.023251660979604884
2023-01-12,0.011679287284845586
2023-01-13,0.010220111871759158
2023-01-17,0.014592451887701693
2023-01-18,-0.012595792879058921
2023-01-19,-0.008873005331898581
2023-01-20,0.03891712872702678
2023-01-23,0.03397526716497745
2023-01-24,-0.0012197263068699407
2023-01-25,-0.0034044739992695793
2023-01-26,0.032407602160865474
2023-01-27,0.027154015541460907
2023-01-30,-0.03292814925078173
2023-01-31,0.01952458319505748
2023-02-01,0.03106307223905991
2023-02-02,0.06345999460547884
2023-02-03,-0.018314607835945913
2023-02-06,-0.0051188130021678265
2023-02-07,0.0291639548448432
2023-02-08,-0.015507783446375434
2023-02-09,-0.00868980874836529
2023-02-10,-0.01808408975909497
2023-02-13,0.017570725052533695
2023-02-14,0.018616790685742516
2023-02-15,0.004233462680698943
2023-02-16,-0.026596751616470193
2023-02-17,-0.008058595844198766
2023-02-21,-0.02721464171579273
2023-02-22,0.003178404257379306
2023-02-23,0.03154620736235503
2023-02-24,-0.018344777054845895
2023-02-27,0.010159719718462334
2023-02-28,-0.000545950041506638
2023-03-01,-0.013292627341274834
2023-03-02,0.006012578765113534
2023-03-03,0.02915986764407718
2023-03-06,-0.0010226337116701041
2023-03-07,-0.011906334344163038
2023-03-08,0.006929678126569511
2023-03-09,-0.021196242068459086
2023-03-10,-0.013149210551413293
2023-03-13,0.009188760116485143
2023-03-14,0.03498644024418061
2023-03-15,0.008727772224943434
2023-03-16,0.03527711191878554
2023-03-17,-0.004563309974298216
2023-03-20,0.001439474233073275
2023-03-21,0.022510034103235054
2023-03-22,-0.008914554759921475
2023-03-23,0.014922149857911092
2023-03-24,-0.0005232075147800625
2023-03-27,-0.010239662262690716
2023-03-28,-0.007010907908280317
2023-03-29,0.019684426348922396
2023-03-30,0.010189632133775077
2023-03-31,0.021261435123611675
2023-04-03,-0.0036643855491692873
2023-04-04,-0.0029557288058061704
2023-04-05,-0.015717522378074895
2023-04-06,0.012931253688890249
2023-04-10,-0.002451884797268352
2023-04-11,-0.010059741985005338
2023-04-12,-0.01179532688219777
2023-04-13,0.02260212733444447
2023-04-14,0.001117203835326772
2023-04-17,0.0006791667743917157
2023-04-18,0.0022154591810002503
2023-04-19,0.0015789033019404767
2023-04-20,-0.01871560835950039
2023-04-21,0.002764019028350797
2023-04-24,-0.003946917137400358
2023-04-25,-0.02083224211508468
2023-04-26,0.014861742106860571
2023-04-27,0.039145162203096474
2023-04-28,0.00622320710513572
2023-05-01,0.003122852859825968
2023-05-02,-0.008935100603698148
2023-05-03,-0.005418475807890489
2023-05-04,-0.0048322721206471835
2023-05-05,0.026838049720830145
2023-05-08,0.005538325739773956
2023-05-09,-0.007894767002995722
2023-05-10,0.014071885882882319
2023-05-11,0.006586251785308172
2023-05-12,-0.007497702775118917
2023-05-15,0.0054482118650542675
2023-05-16,0.007179661083937821
2023-05-17,0.018385923946800282
2023-05-18,0.02252278659676386
2023-05-19,-0.003204043252753378
2023-05-22,0.0067389669658052525
2023-05-23,-0.013338707267130464
2023-05-24,-0.0023864713826859175
2023-05-25,0.05951491766536549
2023-05-26,0.02576105960260585
2023-05-30,0.012034963999402445
2023-05-31,-0.012266041086928938
2023-06-01,0.022700570422520955
2023-06-02,0.005570731136338757
2023-06-05,0.0013741334259252402
2023-06-06,-5.8184314111138776e-05
2023-06-07,-0.022180700420530986
2023-06-08,0.01677540472936501
2023-06-09,0.006172390906323931
2023-06-12,0.01758226596311515
2023-06-13,0.012753540478899865
2023-06-14,0.011646323847619147
2023-06-15,0.010483301733902262
2023-06-16,-0.0046221399305452745
2023-06-20,0.009668808749590654
2023-06-21,-0.01617829590414804
2023-06-22,0.014998373786828778
2023-06-23,-0.009560116533755368
2023-06-26,-0.026494417490036032
2023-06-27,0.020444730571329933
2023-06-28,0.00131894318074886
2023-06-29,-0.004355049356496718
2023-06-30,0.020484044152972766
2023-07-03,0.0048692158707945325
2023-07-05,0.004008274075471546
2023-07-06,-0.005961695259009532
2023-07-07,-0.001791211906033703
2023-07-10,-0.010488633712128523
2023-07-11,0.004885976177574358
2023-07-12,0.019162570337680995
2023-07-13,0.02448840895290351
2023-07-14,-0.00032438969249510023
2023-07-17,0.00995536865248372
2023-07-18,0.01114253655629741
2023-07-19,-0.0011384433475283182
2023-07-20,-0.03317798074946097
2023-07-21,-0.010776757239340469
2023-07-24,0.005695036116762304
2023-07-25,0.008705863438536075
2023-07-26,2.962631872205516e-05
2023-07-27,-0.0016275738601451947
2023-07-28,0.024497239200909612
2023-07-31,-0.0010668639427274978
2023-08-01,-0.005402804201394285
2023-08-02,-0.027779341337341164
2023-08-03,0.0012700744035144275
2023-08-04,-0.000846077329034849
2023-08-07,0.007766011341605544
2023-08-08,-0.008240445550522292
2023-08-09,-0.02131155081774566
2023-08-10,0.0011171592258808
2023-08-11,-0.010986772614813133
2023-08-14,0.02082442367072717
2023-08-15,-0.010321338277983594
2023-08-16,-0.012432584431863127
2023-08-17,-0.011091466047798712
2023-08-18,-0.00472514560540143
2023-08-21,0.0326896966674632
2023-08-22,-0.003833998032489752
2023-08-23,0.020648486283937333
2023-08-24,-0.01851389041058588
2023-08-25,0.00353733084675589
2023-08-28,0.00831964198174733
2023-08-29,0.02976025963387391
2023-08-30,0.005383140690560944
2023-08-31,0.0032986645029535813
2023-09-01,-0.007190474991726395
2023-09-05,0.007547386033915406
2023-09-06,-0.016795882091800576
2023-09-07,-0.007426472601307691
2023-09-08,-0.0005399709078337721
2023-09-11,0.01870714140762643
2023-09-12,-0.013761776058063228
2023-09-13,0.009201756824177917
2023-09-14,0.008307314440183263
2023-09-15,-0.02074954170158215
2023-09-18,0.00020870990969062668
2023-09-19,-0.002112886548904964
2023-09-20,-0.02136425112104627
2023-09-21,-0.02040052210185299
2023-09-22,-0.000903768036174261
2023-09-25,0.00793210809068198
2023-09-26,-0.016539152407195758
2023-09-27,0.0012637294072330662
2023-09-28,0.010052829393510107
2023-09-29,0.003405682878668701
2023-10-02,0.01801758990151262
2023-10-03,-0.02125094819376117
2023-10-04,0.01865120446817689
2023-10-05,0.002370947244904104
2023-10-06,0.018705353237754498
2023-10-09,0.002690208144524051
2023-10-10,0.004870170682982438
2023-10-11,0.013502535618583807
2023-10-12,-0.003595000965322628
2023-10-13,-0.01868131455549676
2023-10-16,0.012031927002044626
2023-10-17,-0.010374555311877713
2023-10-18,-0.02190047058886633
2023-10-19,-0.01190826361011104
2023-10-20,-0.017746441745991
2023-10-23,0.012792221120868108
2023-10-24,0.009968054523829864
2023-10-25,-0.02909478633764371
2023-10-26,-0.02815576127148678
2023-10-27,0.013166680484859175
2023-10-30,0.012335289163396195
2023-10-31,0.0005721632356421509
2023-11-01,0.026166734068030273
2023-11-02,0.019155936805571424
2023-11-03,0.012497457640707891
2023-11-06,0.008916264047027032
2023-11-07,0.0104248017900983
2023-11-08,0.005576549378557399
2023-11-09,-0.008372207397755172
2023-11-10,0.023382089585092285
2023-11-13,0.001787638104088001
2023-11-14,0.021638657352631145
2023-11-15,-0.002546685600022492
2023-11-16,0.004844330756169866
2023-11-17,-0.0020881462259947844
2023-11-20,0.013224941112128265
2023-11-21,-0.004008523806301831
2023-11-22,-0.0005790494261329832
2023-11-24,-0.007028023639482561
2023-11-27,0.0021891588153509166
2023-11-28,0.006418702797157285
2023-11-29,-0.00594165758779915
2023-11-30,-0.01048087002749185
2023-12-01,-0.0010813886298892596
2023-12-04,-0.015850562824802548
2023-12-05,0.013218150804166617
2023-12-06,-0.009364068844119867
2023-12-07,0.01907827312481654
2023-12-08,0.007860637509384257
2023-12-11,-0.012629199618393407
2023-12-12,0.009498839021498813
2023-12-13,0.007926171732462373
2023-12-14,0.0014926178094741291
2023-12-15,0.007608500885333294
2023-12-18,0.012151164931750934
2023-12-19,0.003874432350677528
2023-12-20,-0.013767125265274818
2023-12-21,0.012406416693474673
2023-12-22,-0.001492125878997758
2023-12-26,0.0039303753220684065
2023-12-27,0.0027768705686856653
2023-12-28,-0.001993010670356121
2023-12-29,-0.005361930503343336
2024-01-02,-0.01840343080901933
2024-01-03,-0.009331729939865972
2024-01-04,-0.005694010228156175
2024-01-05,0.004998752842520471
2024-01-08,0.028946197745634974
2024-01-09,0.003767762992434763
2024-01-10,0.014300615783289809
2024-01-11,-0.00015072291349505846
2024-01-12,-0.0009554465183336081
2024-01-16,0.001953307510624657
2024-01-17,-0.006126884096015094
2024-01-18,0.014030113484490474
2024-01-19,0.019101784301397428
2024-01-22,-0.000836402323490955
2024-01-23,0.005327196680799905
2024-01-24,0.008406732408883316
2024-01-25,-0.0069210941356698166
2024-01-26,-0.0022200065488638906
2024-01-29,0.015393769871118988
2024-01-30,-0.004998837675959281
2024-01-31,-0.026739851062618416
2024-02-01,0.016029235083309838
2024-02-02,0.04103203323764269
2024-02-05,0.001523520147903902
2024-02-06,-0.0008614303886249154
2024-02-07,0.01580733558118667
2024-02-08,-0.001194332993772683
2024-02-09,0.017192735052638637
2024-02-12,-0.00787184063286721
2024-02-13,-0.014575943709187118
2024-02-14,0.013872390766309277
2024-02-15,0.0014972543773631994
2024-02-16,-0.007156425188085841
2024-02-20,-0.014713470511837252
2024-02-21,-0.003762904370814599
2024-02-22,0.04988704107613262
2024-02-23,-0.0041011148508677325
2024-02-26,-0.002892046134333594
2024-02-27,0.0017692801611454629
2024-02-28,-0.005126759047134672
2024-02-29,0.01072082725418916
2024-03-01,0.011554101143342233
2024-03-04,-0.008164033839693441
2024-03-05,-0.015731364422379678
2024-03-06,0.003400425631862856
2024-03-07,0.021021837145623175
2024-03-08,-0.014534986123910826
2024-03-11,-0.006323472728688413
2024-03-12,0.02533157618669471
2024-03-13,-0.00829742282296782
2024-03-14,-0.0029288077077291425
2024-03-15,-0.009060827648852408
2024-03-18,0.01676348516028478
2024-03-19,0.004846592126945053
2024-03-20,0.013402346678388195
2024-03-21,-0.003905616090363027
2024-03-22,0.008708742502150268
2024-03-25,-0.0023652413853290405
2024-03-26,-0.005585533252181079
2024-03-27,0.0006281531490929559
2024-03-28,-0.005261003858604781
2024-04-01,0.003935873046933949
2024-04-02,-0.009289050898307399
2024-04-03,0.0035130855960812573
2024-04-04,-0.01116193490669558
2024-04-05,0.012621175542847224
2024-04-08,0.001690466203033443
2024-04-09,0.0011462058164745713
2024-04-10,-0.0024544002233730074
2024-04-11,0.02318591947342103
2024-04-12,-0.014028476330867344
2024-04-15,-0.023644346489029102
2024-04-16,-0.0027277105524434538
2024-04-17,-0.012981557515271573
2024-04-18,-0.005271571935659585
2024-04-19,-0.034580798499670294
2024-04-22,0.010539427338776842
2024-04-23,0.019190678188402484
2024-04-24,0.0061706057875655146
2024-04-25,-0.005176534855246732
2024-04-26,0.028580767089580836
2024-04-29,0.013008357979146463
2024-04-30,-0.023613460416229328
2024-05-01,-0.003506527038292954
2024-05-02,0.017486464438031816
2024-05-03,0.02481109644416521
2024-05-06,0.016500197100204363
2024-05-07,-0.0055207301235136366
2024-05-08,-0.002029640259094346
2024-05-09,-0.0009164830509511
2024-05-10,-0.0012896207872693964
2024-05-13,0.003679528122068346
2024-05-14,0.009699066071572044
2024-05-15,0.013728970686549173
2024-05-16,-0.0029401920436189707
2024-05-17,-0.0014349267783592941
2024-05-20,0.005735003476409825
2024-05-21,0.00997092700654102
2024-05-22,-0.005290927730086267
2024-05-23,0.006920754425412012
2024-05-24,0.01591709422127605
2024-05-28,0.01443273256806346
2024-05-29,-0.0011753765775963127
2024-05-30,-0.015975924161863386
2024-05-31,-0.001938364049612206
2024-06-03,0.01386680587525343
2024-06-04,0.003994970202484597
2024-06-05,0.02162647554322425
2024-06-06,0.0009411568076403312
2024-06-07,-0.0010973052577310672
2024-06-10,0.001989458824548984
2024-06-11,0.011866749778217445
2024-06-12,0.019877698387840603
2024-06-13,0.007476121487671793
2024-06-14,0.0014731219031711635
2024-06-17,0.010378193136376215
2024-06-18,0.0003390384978049947
2024-06-20,-0.009869442609446543
2024-06-21,-0.0038753972589395656
2024-06-24,-0.015509925145636127
2024-06-25,0.023906041985443893
2024-06-26,0.012859902038231126
2024-06-27,0.0020610003103697975
2024-06-28,-0.012645632473917581
2024-07-01,0.01746254376842822
2024-07-02,0.015259759313128066
2024-07-03,0.016981418107697616
2024-07-05,0.01414760881586252
2024-07-08,0.001921025798601688
2024-07-09,0.007197306350535417
2024-07-10,0.013884186919791262
2024-07-11,-0.03709070983043835
2024-07-12,0.0047771516522149855
2024-07-15,0.0025093561469704193
2024-07-16,-0.004822810345358218
2024-07-17,-0.0336531388129884
2024-07-18,-0.00033995053784004203
2024-07-19,-0.011139472750359376
2024-07-22,0.021497079758184153
2024-07-23,5.343385983339884e-06
2024-07-24,-0.05170075649821794
2024-07-25,-0.011641651130621489
2024-07-26,0.009012542238440627
2024-07-29,0.005801087807832065
2024-07-30,-0.020620404955850605
2024-07-31,0.03854925378249698
2024-08-01,-0.021307762244592382
2024-08-02,-0.023994215048104
2024-08-05,-0.042402845385717196
2024-08-06,0.012803652472296185
2024-08-07,-0.014155512216802982
2024-08-08,0.030036538846542775
2024-08-09,0.007336333320525528
2024-08-12,0.0071441752165423865
2024-08-13,0.030885413281253656
2024-08-14,-0.000854053821275137
2024-08-15,0.026678964299426525
2024-08-16,0.002807408909247091
2024-08-19,0.016994721756799537
2024-08-20,-0.0031732089267674838
2024-08-21,0.0044566303374916705
2024-08-22,-0.022449259476748418
2024-08-23,0.017552622508973385
2024-08-26,-0.010996749389290435
2024-08-27,-0.0007887044326594943
2024-08-28,-0.011587964325240853
2024-08-29,-0.009116439560676187
2024-08-30,0.013680852809546652
2024-09-03,-0.03592877617156324
2024-09-04,-0.002588171035957575
2024-09-05,0.011598012124616119
2024-09-06,-0.03265642583929241
2024-09-09,0.014212415923751292
2024-09-10,0.01319891020409607
2024-09-11,0.029098333017219737
2024-09-12,0.013038860317369137
2024-09-13,0.003001975478735913
2024-09-16,-0.007929701146303017
2024-09-17,0.002476564963407992
2024-09-18,-0.003088167452384175
2024-09-19,0.032381495441079176
2024-09-20,-0.005118263694857404
2024-09-23,0.004469847674493768
2024-09-24,0.009138418390147458
2024-09-25,0.0052227856668428186
2024-09-26,0.000697358532556784
2024-09-27,-0.003907065391542374
2024-09-30,0.006113054711944372
2024-10-01,-0.016387436090917692
2024-10-02,-0.00283359374068425
2024-10-03,0.0023487291070978015
2024-10-04,0.013911701978481652
2024-10-07,-0.013246676526642773
2024-10-08,0.018536373072973546
2024-10-09,0.0016022613197127626
2024-10-10,0.0010060053243877418
2024-10-11,-0.006407903168993922
2024-10-14,0.010095130383554278
2024-10-15,-0.0085405919564593
2024-10-16,0.00287736751205901
2024-10-17,0.000764733549892123
2024-10-18,0.005240145597949689
2024-10-21,0.008443140933422362
2024-10-22,0.004366564200291656
2024-10-23,-0.020037648706315952
2024-10-24,0.025132005980902254
2024-10-25,0.010069474823873227
2024-10-28,-0.0010422506833648142
2024-10-29,0.008043646062161576
2024-10-30,-0.002309870880301342
2024-10-31,-0.035246856903093975
2024-11-01,0.009488659746515015
2024-11-04,-0.006119962800636229
2024-11-05,0.016675190074965575
2024-11-06,0.034825042554521034
2024-11-07,0.020851793351151355
2024-11-08,0.003199984089768365
2024-11-11,0.0017000598354281501
2024-11-12,0.0013058723918752293
2024-11-13,-0.0008792998097308691
2024-11-14,-0.0064121972920981865
2024-11-15,-0.021103972688539207
2024-11-18,0.00701532108994342
2024-11-19,0.017585465738649664
2024-11-20,-0.004345482696573124
2024-11-21,-0.007623162864167438
2024-11-22,-0.003080153271896036
2024-11-25,-0.003962796212948907
2024-11-26,0.011817899989674682
2024-11-27,-0.007682792472768044
2024-11-29,0.01224498602117419
2024-12-02,0.014645392592184133
2024-12-03,0.007418781792721328
2024-12-04,0.01609452401909194
2024-12-05,0.004123105735448398
2024-12-06,0.008893218658240373
2024-12-09,-0.00393870794434089
2024-12-10,0.0029092238624410815
2024-12-11,0.024084636511225613
2024-12-12,-0.006627155296953751
2024-12-13,-0.0042385796511646605
2024-12-16,0.013419110695956003
2024-12-17,0.0011557071447770453
2024-12-18,-0.03400249875689238
2024-12-19,0.0033664838530801833
2024-12-20,0.006875024305623036
2024-12-23,0.014288378409921976
2024-12-24,0.016169961901737688
2024-12-26,-0.004002448380614654
2024-12-27,-0.018284215168002955
2024-12-30,-0.0106971209055411
2024-12-31,-0.013530786633802982
2025-01-02,-0.002403725575834274
2025-01-03,0.02353128182879408
2025-01-06,0.018567068828836412
2025-01-07,-0.02652046780030578
2025-01-08,-0.0006498077064638801
2025-01-10,-0.014589092454799151
2025-01-13,-0.005958707105927521
2025-01-14,-0.008527393980949599
2025-01-15,0.03309500914221044
2025-01-16,-0.01769039067628032
2025-01-17,0.017243455909442224
2025-01-21,0.0035606504650887516
2025-01-22,0.01747413837971596
2025-01-23,0.00183992647782236
2025-01-24,-0.0067424047207080276
2025-01-27,-0.038081560192038504
2025-01-28,0.03396140860141346
2025-01-29,-0.01179962731710435
2025-01-30,-0.0021773423359413243
2025-01-31,-0.004507768593770906
2025-02-03,-0.01811429498695922
2025-02-04,0.015558714335806738
2025-02-05,-0.002000494689806999
2025-02-06,0.009151537545712782
2025-02-07,-0.0153050528967248
2025-02-10,0.007212621111004439
2025-02-11,-0.005106870788079476
2025-02-12,-0.00040394856790397184
2025-02-13,0.019341320374040516
2025-02-14,0.00649051123072315
2025-02-18,-0.003781561385246862
2025-02-19,0.0029010705644617837
2025-02-20,-0.0026300160459503657
2025-02-21,-0.02416020017896545
2025-02-24,-0.013721054063489602
2025-02-25,-0.020261266965932837
2025-02-26,0.0018897318260214166
2025-02-27,-0.03374441287223802
2025-02-28,0.02219097861014423
2025-03-03,-0.03455265056181786
2025-03-04,-0.003802929265989565
2025-03-05,0.016331709191278094
2025-03-06,-0.02907786017422237
2025-03-07,0.0047982921310534155
2025-03-10,-0.05140525726457269
2025-03-11,0.0034697893224346623
2025-03-12,0.02475144553311997
2025-03-13,-0.02088629842481876
2025-03-14,0.029391090238976517
2025-03-17,-0.009499741782301552
2025-03-18,-0.023566753504255692
2025-03-19,0.01654015890781962
2025-03-20,-0.00015283437607855309
2025-03-21,0.011628035205687778
2025-03-24,0.03160830989718757
2025-03-25,0.009579771365438132
2025-03-26,-0.029702117677118223
2025-03-27,-0.005228504147549191
2025-03-28,-0.03015215276371346
2025-03-31,-0.003066305218875636
2025-04-01,0.015092004351174748
2025-04-02,0.008415865724401403
2025-04-03,-0.06444067506289945
2025-04-04,-0.058584058395660304
2025-04-07,0.0031055510679385786
2025-04-08,-0.023346250613104438
2025-04-09,0.14371361120485848
2025-04-10,-0.04860886538209244
2025-04-11,0.020989955729124404
2025-04-14,0.0010277818569475073
2025-04-15,-0.0027308597909897828
2025-04-16,-0.04044015842292569
2025-04-17,-0.007948063623349584
2025-04-21,-0.03222252263615258
2025-04-22,0.02851293868879304
2025-04-23,0.03232850195557093
2025-04-24,0.029079378389384947
2025-04-25,0.027314409315172573
2025-04-28,-0.004358315443515613
2025-04-29,0.00564323679145467
2025-04-30,-0.005743734572967056
2025-05-01,0.025955949419069275
2025-05-02,0.012326837741905019
2025-05-05,-0.010020189984930063
2025-05-06,-0.007456230332562774
2025-05-07,0.0015928830453546697
2025-05-08,0.010597014976530358
2025-05-09,0.0030154785948340542
2025-05-12,0.05312427956291169
2025-05-13,0.022965190316805665
2025-05-14,0.016997377280371914
2025-05-15,-0.007598268170515624
2025-05-16,0.004692379941969963
2025-05-19,-0.001717850644426728
2025-05-20,-0.006341174796312707
2025-05-21,-0.012312866552424544
2025-05-22,0.006402696353697315
2025-05-23,-0.013420592625588776
2025-05-27,0.030240070185600796
2025-05-28,-0.0048516990156115165
2025-05-29,0.007866337048279227
2025-05-30,-0.008048789553400309
2025-06-02,0.0065713104663988175
2025-06-03,0.005283464093533956
2025-06-04,0.00282453371085627
2025-06-05,-0.017881636486881992
2025-06-06,0.01790280012132739
2025-06-09,0.0074710602604940255
2025-06-10,0.01136941233585171
2025-06-11,-0.00787497273839971
2025-06-12,0.0025810090307348587
2025-06-13,-0.009294095312128034
2025-06-16,0.014508111069524049
2025-06-17,-0.009345898820998854
2025-06-18,0.002347392855121364
2025-06-20,-0.007112484962340313
2025-06-23,0.01353843601261982
2025-06-24,0.00932748500395488
2025-06-25,0.008091525465232606
2025-06-26,0.008866029965698415
2025-06-27,0.009450522626190564
2025-06-30,0.00015406764550253993
2025-07-01,-0.01346160288694589
2025-07-02,0.014033867269951959
2025-07-03,0.009111598025601216
2025-07-07,-0.013416044207897708
2025-07-08,0.00032558783698461005
2025-07-09,0.010987791456260243
2025-07-10,0.006319801567638449
2025-07-11,0.0026733306161109585
2025-07-14,-0.0001476822482573049
2025-07-15,0.006085814124760352
2025-07-16,0.003293019763192235
2025-07-17,0.003876759719714259
2025-07-18,0.005054076941284199
2025-07-21,0.005167473225071947
2025-07-22,-0.005345159235421082
2025-07-23,0.0061048426027965185
2025-07-24,-0.0005559454864267617
2025-07-25,0.004461209797392711
2025-07-28,0.007446448021735698
2025-07-29,-0.0060949948223634285
2025-07-30,0.0014654798809129695
2025-07-31,0.010186347601893983
2025-08-01,-0.026755084702041885
2025-08-04,0.020003752089109605
2025-08-05,-0.005890864947825027
2025-08-06,0.01825985755451617
2025-08-07,0.005137605210737092
2025-08-08,0.014984336957536018
2025-08-11,-0.0006266516483624177
2025-08-12,0.010720951601046271
2025-08-13,-0.0023808190342442786
2025-08-14,0.0029878092544126586
2025-08-15,-0.004151433722842433
2025-08-18,-0.0005703497690864956
2025-08-19,-0.01617034348214805
2025-08-20,-0.009793741614162587
2025-08-21,-0.0047855477379881795
2025-08-22,0.022233962339078067
2025-08-25,0.0029195987945815948
2025-08-26,0.004516955261390813
2025-08-27,0.000989745960701561
2025-08-28,0.003678140545665371
2025-08-29,-0.014251055868612928
2025-09-02,-0.010871031752880164
2025-09-03,0.01744597026851381
2025-09-04,0.01156429187114288
2025-09-05,-0.00520411048469225
2025-09-08,0.001823199086305157
2025-09-09,0.0061874214908904475
2025-09-10,-0.0013529902881265245
2025-09-11,0.009126492642944904
2025-09-12,0.013436055032297
2025-09-15,0.01447612636271732
2025-09-16,0.001445468898435439
2025-09-17,-0.00570701187723606
2025-09-18,0.005429162606447826
2025-09-19,0.011649841653374711
2025-09-22,0.0114106806508119
2025-09-23,-0.015047965263407702
2025-09-24,-0.0003042664269261695
2025-09-25,-0.005160468519111307
2025-09-26,0.005822667022534059
2025-09-29,0.005536232904491299
2025-09-30,0.0040768273689322666
2025-10-01,0.004283468247258257
2025-10-02,-0.0007807829183532237
2025-10-03,-0.005647733480856326
2025-10-06,0.009378589677282185
2025-10-07,-0.008467388307235027
2025-10-08,0.009277693170585915
2025-10-09,0.0017461636513398425
2025-10-10,-0.036260783735607975
2025-10-13,0.02120444393623416
2025-10-14,-0.012727182419142304
2025-10-15,0.005604276255813299
2025-10-16,-0.002341669713685496
2025-10-17,0.008721800080452582
2025-10-20,0.014068298098332412
2025-10-21,-0.0017145837164465273
2025-10-22,-0.005286515344667067
2025-10-23,0.007512821212382049
2025-10-24,0.009299452653347393
2025-10-27,0.02331978020037829
2025-10-28,0.015678733092568477
2025-10-29,0.009534189965882692
2025-10-30,-0.025249671014395823
2025-10-31,0.007520114579621997
2025-11-03,0.00941505333763663
2025-11-04,-0.020103657296762768
2025-11-05,0.002788977712644379
2025-11-06,-0.020280242743509567
2025-11-07,-0.005564065315900533
2025-11-10,0.027428391330381094
2025-11-11,-0.003059262828306005
2025-11-12,-0.008021748230520908
2025-11-13,-0.02340705731564546
2025-11-14,0.003724624297567976
2025-11-17,-0.0056963921939207005
2025-11-18,-0.017753251888085422
2025-11-19,0.007137429718661145
2025-11-20,-0.01739519411992021
2025-11-21,0.004789529241339474
2025-11-24,0.027600282885368976
2025-11-25,0.004232046308479503
2025-11-26,0.006434173032271918
2025-11-28,0.004466556746001708
2025-12-01,0.0009320767955838203
2025-12-02,0.005976057180310081
2025-12-03,-0.003326341678367652
2025-12-04,0.006424667364744837
2025-12-05,0.001997750846833025
2025-12-08,-0.0026778223576561944
2025-12-09,0.000632330090252236
2025-12-10,-0.000940779718590604
2025-12-11,-0.00566400269429196
2025-12-12,-0.010614032176709866
2025-12-15,2.2058716739370814e-05
2025-12-16,0.006452426081594083
2025-12-17,-0.01992672027595296
2025-12-18,0.01748647019410458
2025-12-19,0.01056406954010374
2025-12-22,0.004914142197974854
2025-12-23,0.010748456923277906
2025-12-24,0.001289839031329799
2025-12-26,-0.0012228035404426945
2025-12-29,-0.006806540003991647
2025-12-30,-0.0008970734677983109
2025-12-31,-0.006667354425245889
2026-01-02,-0.0064993566127048786
2026-01-05,0.0055231544526834235
2026-01-06,-0.0025532543821493885
2026-01-07,0.0029042993611690686
2026-01-08,-0.0033417451348788795
2026-01-09,0.005727077218436187
2026-01-12,-0.0001945701648374793
2026-01-13,-0.003173172725793167
2026-01-14,-0.014295753712801207
2026-01-15,0.0030613917131845237
2026-01-16,-0.002338324389185304
2026-01-20,-0.030197758720016763
2026-01-21,0.010660069153021305
2026-01-22,0.01680037017102142
2026-01-23,0.01088569070765072
2026-01-26,0.005347448060964255
2026-01-27,0.009625687380888032
2026-01-28,0.0017501705116346894
2026-01-29,-0.0060625242097754805
2026-01-30,-0.003177130864073313
2026-02-02,-0.0018973298298371052
2026-02-03,-0.016107618686106964
2026-02-04,-0.01403445430100377
2026-02-05,-0.01818071485965103
2026-02-06,0.015504595679195366
2026-02-09,0.01195541532781088
2026-02-10,-0.003934255024592857
2026-02-11,-0.0040347364076676225
2026-02-12,-0.02108957766244949
2026-02-13,-0.010737318726311524
2026-02-17,0.0038000080250648223
2026-02-18,0.007983728613030637
2026-02-19,-0.0023242272379708985
2026-02-20,0.012745509263575375
2026-02-23,-0.01202079977754211
2026-02-24,0.011328271511507601
2026-02-25,0.015144938442347298
2026-02-26,-0.016413234394859602
2026-02-27,-0.017120447755708142
2026-03-02,0.006947502907937398
2026-03-03,-0.005253662769343835
2026-03-04,0.012942141169375785
2026-03-05,-0.0003005373963397042
2026-03-06,-0.017416288252293903
2026-03-09,0.011733900381920537
2026-03-10,0.003027384528223248
2026-03-11,0.0027396159062785066
2026-03-12,-0.017267149498113414
2026-03-13,-0.015483791985476607
2026-03-16,0.014069252117259182
2026-03-17,0.003121581221391139
2026-03-18,-0.014564864390454527
2026-03-19,-0.009131502851938101
2026-03-20,-0.020569604941299176
2026-03-23,0.014895252632323417
2026-03-24,-0.01138950485823574
2026-03-25,0.007961794475156327
2026-03-26,-0.028949933820317502
2026-03-27,-0.025130487420774082
2026-03-30,-0.0026044583941509563
2026-03-31,0.042747997271757016
2026-04-01,0.011361050047223159
2026-04-02,-0.0032699799666537394
2026-04-06,0.0026176752549431793
2026-04-07,-0.0019116211931956852
2026-04-08,0.023616176066983102
2026-04-09,0.012138559710776592
2026-04-10,0.0070337138606639486
2026-04-13,0.00995527792368681
2026-04-14,0.027228350025637425
2026-04-15,0.024491347743350676
2026-04-16,0.0013754698116785484
2026-04-17,0.016098222083582657
2026-04-20,-0.006677754569545364
2026-04-21,-0.007025373692762536
2026-04-22,0.0161694320255042
2026-04-23,-0.015140507287049649
2026-04-24,0.019762337722586606
2026-04-27,0.007972308152141791
2026-04-28,-0.002874785363340939
2026-04-29,-0.005485523574769499
2026-04-30,-0.009184701674833623
2026-05-01,0.010014655716640708
2026-05-04,-0.000945156645576068
2026-05-05,0.002286231525884139
2026-05-06,0.022414141819501666
2026-05-07,0.008188769036504106
2026-05-08,0.009889863528534774
2026-05-11,0.0006753754850413046
2026-05-12,-0.003347738408245798
2026-05-13,0.01680667628684887
2026-05-14,0.009030906713848548
2026-05-15,-0.012251263108631769
2026-05-18,-0.0065491355415099655
2026-05-19,-0.011047077674800433
2026-05-20,0.012939669961234622
2026-05-21,-0.0008272397107943032
2026-05-22,-0.001257812582162263
